lag,corr
0,0.12253527727871308
1,0.11535040463944267
2,0.05153078334439275
3,0.019367285536160635
4,0.01703506978742085
5,-0.03447468979108289
6,-0.07398785949564447
7,-0.05486760822558162
8,-0.041939893146690964
9,0.010819379502915664
10,0.001596779568169423
11,-0.0460627156658139
12,-0.0008779126241117056
13,-0.0013726511470131624
14,-0.013520291856664502
15,-0.059018282761825636
16,-0.09200487671800421
17,-0.14233272061236218
18,-0.24413430699697056
19,-0.2626154176191541
20,-0.33262794564552545
