industry,param,coef
餐饮,const,0.20388187275262376
餐饮,D_star,1.018017148594767
动漫,const,0.23032728286797646
动漫,D_star,0.8952073575275479
汽车,const,0.2849356034466751
汽车,D_star,1.1625573732670227
文娱,const,0.3315250145298321
文娱,D_star,0.90101340102802
旅游,const,0.3412839745413996
旅游,D_star,0.8569600462996739
家电,const,0.3007112197574645
家电,D_star,1.0338332112462023
